<application>
  <component name="DefaultFont">
    <option name="FONT_SIZE" value="14" />
    <option name="FONT_FAMILY" value="Fira Code Retina" />
    <option name="USE_LIGATURES" value="true" />
  </component>
  <component name="EditorSettings">
    <option name="USE_SOFT_WRAPS" value="MAIN_EDITOR:CONSOLE" />
    <option name="SOFT_WRAP_FILE_MASKS" value="*.md; *.txt; *.rst; *.adoc" />
    <option name="USE_CUSTOM_SOFT_WRAP_INDENT" value="true" />
    <option name="IS_RIGHT_MARGIN_SHOWN" value="false" />
    <option name="IS_CAMEL_WORDS" value="true" />
    <option name="IS_WHEEL_FONTCHANGE_ENABLED" value="true" />
  </component>
  <component name="TodoConfiguration">
    <pattern useCustomColors="true" pattern="\btodo\b.*">
      <option name="FOREGROUND" value="0" />
      <option name="BACKGROUND" value="c09373" />
    </pattern>
    <pattern pattern="\bfixme\b.*" />
    <pattern useCustomColors="true" pattern="\bhint\b.*">
      <option name="FOREGROUND" value="2280c0" />
      <option name="FONT_TYPE" value="3" />
    </pattern>
    <pattern icon="important" useCustomColors="true" pattern="\bfixed\b.*">
      <option name="FOREGROUND" value="0" />
      <option name="BACKGROUND" value="88c081" />
      <option name="ERROR_STRIPE_COLOR" value="a74c0" />
    </pattern>
    <pattern useCustomColors="true" pattern="\bnote\b.*">
      <option name="FOREGROUND" value="165ec0" />
      <option name="BACKGROUND" value="e1e1e1" />
      <option name="FONT_TYPE" value="3" />
    </pattern>
    <pattern useCustomColors="true" pattern="\bdone\b.*">
      <option name="FOREGROUND" value="0" />
      <option name="BACKGROUND" value="c09373" />
      <option name="FONT_TYPE" value="3" />
      <option name="ERROR_STRIPE_COLOR" value="a74c0" />
    </pattern>
    <filter name="TODOs ONLY">
      <pattern index="0" />
    </filter>
  </component>
</application>